﻿pos_x,pos_y,rotation,side,designator,mpn,pack,footprint,value,mount_type
146.5,-93.5,180.0,top,J2,,,3pin,Break,smt
146.0,-93.5,0.0,top,J3,,,3pin,Throttle,smt
139.5,-55.0,0.0,top,J4,,,JST4Pin,SystemInput,tht
135.5,-96.775,90.0,bottom,J5,,,PowerBoard,Conn_01x04_Socket,tht
141.5,-98.96,-90.0,top,R1,,,R_Axial_DIN0204_L3.6mm_D1.6mm_P5.08mm_Horizontal,200,tht
138.5,-104.04,90.0,top,R2,,,R_Axial_DIN0204_L3.6mm_D1.6mm_P5.08mm_Horizontal,300,tht
138.5,-92.0,90.0,top,R3,,,R_Axial_DIN0204_L3.6mm_D1.6mm_P5.08mm_Horizontal,300,tht
141.5,-86.93,-90.0,top,R4,,,R_Axial_DIN0204_L3.6mm_D1.6mm_P5.08mm_Horizontal,200,tht
121.2,-76.0,0.0,top,U1,,,ESP 32 BAJA,~,tht
135.78,-62.0,180.0,bottom,U2,,,1x7 Connectors,~,tht
