﻿Designator,Quantity,Value,Footprint,Package,MPN,DNP,Mount_Type,Description
J2,1,Break,3pin,,,,smt,"Generic connector, single row, 01x03, script generated"
J3,1,Throttle,3pin,,,,smt,"Generic connector, single row, 01x03, script generated"
J4,1,SystemInput,JST4Pin,,,,tht,"Generic connector, single row, 01x04, script generated"
J5,1,Conn_01x04_Socket,PowerBoard,,,,tht,"Generic connector, single row, 01x04, script generated"
"R1, R4",2,200,R_Axial_DIN0204_L3.6mm_D1.6mm_P5.08mm_Horizontal,,,,tht,Resistor
"R2, R3",2,300,R_Axial_DIN0204_L3.6mm_D1.6mm_P5.08mm_Horizontal,,,,tht,Resistor
U1,1,~,ESP 32 BAJA,,,,tht,
U2,1,~,1x7 Connectors,,,,tht,
